Item,System_Type,Round,Min,Sec,Sec/100,Total_Seconds_Per_Round,Defects for Round,Observed Total Count for Round,Accuracy for Round,GT_Number_of_Objects,GT_Number_of_Defects,GT_Grand_Total_Count,Notes,Count 1,Count 2,Count 3,Count 4,Count 5,Count 6,Count 7,Count 8,Count 9
nail,human-in-the-loop,1,1,28,74,88.74,2,63,0.8514,69.0,5.0,1480.0,"at zoom out the model is confused between nailsrivertsdefectlong screw""
issues with FP and FN: defects are incorrectly identified (nails -> defect and vice-versa)
objects should be positioned horizontally to assist model inference
objects keep rolling and confuses the model during inference",12,16.0,14.0,10.0,9.0,0.0,0.0,,
nail,human-in-the-loop,2,2,15,92,135.92,3,67,0.9054,69.0,5.0,1480.0,"at zoom out the model is confused between nailsrivertsdefectlong screw""
issues with FP and FN: defects are incorrectly identified (nails -> defect and vice-versa)
objects should be positioned horizontally to assist model inference
objects keep rolling and confuses the model during inference",14,12.0,12.0,15.0,11.0,0.0,0.0,,
nail,human-in-the-loop,3,2,12,90,132.9,6,62,0.8378,69.0,5.0,1480.0,"at zoom out the model is confused between nailsrivertsdefectlong screw""
issues with FP and FN: defects are incorrectly identified (nails -> defect and vice-versa)
objects should be positioned horizontally to assist model inference
objects keep rolling and confuses the model during inference",8,10.0,13.0,10.0,10.0,5.0,0.0,,
nail,human-in-the-loop,4,1,50,87,110.87,2,71,0.9595,69.0,5.0,1480.0,"at zoom out the model is confused between nailsrivertsdefectlong screw""
issues with FP and FN: defects are incorrectly identified (nails -> defect and vice-versa)
objects should be positioned horizontally to assist model inference
objects keep rolling and confuses the model during inference",8,10.0,14.0,13.0,16.0,8.0,0.0,,
nail,human-in-the-loop,5,1,43,67,103.67,2,66,0.8919,69.0,5.0,1480.0,"at zoom out the model is confused between nailsrivertsdefectlong screw""
issues with FP and FN: defects are incorrectly identified (nails -> defect and vice-versa)
objects should be positioned horizontally to assist model inference
objects keep rolling and confuses the model during inference",14,16.0,13.0,15.0,6.0,0.0,0.0,,
nail,human-in-the-loop,6,1,36,29,96.29,1,62,0.8378,69.0,5.0,1480.0,"at zoom out the model is confused between nailsrivertsdefectlong screw""
issues with FP and FN: defects are incorrectly identified (nails -> defect and vice-versa)
objects should be positioned horizontally to assist model inference
objects keep rolling and confuses the model during inference",10,14.0,14.0,9.0,14.0,0.0,0.0,,
nail,human-in-the-loop,7,1,46,97,106.97,3,60,0.8108,69.0,5.0,1480.0,"at zoom out the model is confused between nailsrivertsdefectlong screw""
issues with FP and FN: defects are incorrectly identified (nails -> defect and vice-versa)
objects should be positioned horizontally to assist model inference
objects keep rolling and confuses the model during inference",14,12.0,7.0,10.0,14.0,0.0,0.0,,
nail,human-in-the-loop,8,1,39,29,99.29,5,69,0.9324,69.0,5.0,1480.0,"at zoom out the model is confused between nailsrivertsdefectlong screw""
issues with FP and FN: defects are incorrectly identified (nails -> defect and vice-versa)
objects should be positioned horizontally to assist model inference
objects keep rolling and confuses the model during inference",8,15.0,11.0,7.0,7.0,11.0,5.0,,
nail,human-in-the-loop,9,1,25,54,85.54,2,78,1.0541,69.0,5.0,1480.0,"at zoom out the model is confused between nailsrivertsdefectlong screw""
issues with FP and FN: defects are incorrectly identified (nails -> defect and vice-versa)
objects should be positioned horizontally to assist model inference
objects keep rolling and confuses the model during inference",18,11.0,12.0,19.0,16.0,0.0,0.0,,
nail,human-in-the-loop,10,1,34,55,94.55,2,70,0.9459,69.0,5.0,1480.0,"at zoom out the model is confused between nailsrivertsdefectlong screw""
issues with FP and FN: defects are incorrectly identified (nails -> defect and vice-versa)
objects should be positioned horizontally to assist model inference
objects keep rolling and confuses the model during inference",12,11.0,12.0,10.0,23.0,0.0,0.0,,
nail,human-in-the-loop,11,1,17,42,77.42,2,66,0.8919,69.0,5.0,1480.0,"at zoom out the model is confused between nailsrivertsdefectlong screw""
issues with FP and FN: defects are incorrectly identified (nails -> defect and vice-versa)
objects should be positioned horizontally to assist model inference
objects keep rolling and confuses the model during inference",12,10.0,15.0,12.0,15.0,0.0,0.0,,
nail,human-in-the-loop,12,1,9,59,69.59,0,62,0.8378,69.0,5.0,1480.0,"at zoom out the model is confused between nailsrivertsdefectlong screw""
issues with FP and FN: defects are incorrectly identified (nails -> defect and vice-versa)
objects should be positioned horizontally to assist model inference
objects keep rolling and confuses the model during inference",13,15.0,12.0,15.0,7.0,0.0,0.0,,
nail,human-in-the-loop,13,1,45,13,105.13,1,70,0.9459,69.0,5.0,1480.0,"at zoom out the model is confused between nailsrivertsdefectlong screw""
issues with FP and FN: defects are incorrectly identified (nails -> defect and vice-versa)
objects should be positioned horizontally to assist model inference
objects keep rolling and confuses the model during inference",13,11.0,12.0,16.0,17.0,0.0,0.0,,
nail,human-in-the-loop,14,1,13,90,73.9,0,69,0.9324,69.0,5.0,1480.0,"at zoom out the model is confused between nailsrivertsdefectlong screw""
issues with FP and FN: defects are incorrectly identified (nails -> defect and vice-versa)
objects should be positioned horizontally to assist model inference
objects keep rolling and confuses the model during inference",11,19.0,17.0,22.0,0.0,0.0,0.0,,
nail,human-in-the-loop,15,1,13,83,73.83,0,61,0.8243,69.0,5.0,1480.0,"at zoom out the model is confused between nailsrivertsdefectlong screw""
issues with FP and FN: defects are incorrectly identified (nails -> defect and vice-versa)
objects should be positioned horizontally to assist model inference
objects keep rolling and confuses the model during inference",9,14.0,15.0,13.0,10.0,0.0,0.0,,
nail,human-in-the-loop,16,1,5,36,65.36,1,60,0.8108,69.0,5.0,1480.0,"at zoom out the model is confused between nailsrivertsdefectlong screw""
issues with FP and FN: defects are incorrectly identified (nails -> defect and vice-versa)
objects should be positioned horizontally to assist model inference
objects keep rolling and confuses the model during inference",13,11.0,15.0,20.0,0.0,0.0,0.0,,
nail,human-in-the-loop,17,1,16,9,76.09,0,69,0.9324,69.0,5.0,1480.0,"at zoom out the model is confused between nailsrivertsdefectlong screw""
issues with FP and FN: defects are incorrectly identified (nails -> defect and vice-versa)
objects should be positioned horizontally to assist model inference
objects keep rolling and confuses the model during inference",12,14.0,15.0,17.0,11.0,0.0,0.0,,
nail,human-in-the-loop,18,1,15,76,75.76,2,63,0.8514,69.0,5.0,1480.0,"at zoom out the model is confused between nailsrivertsdefectlong screw""
issues with FP and FN: defects are incorrectly identified (nails -> defect and vice-versa)
objects should be positioned horizontally to assist model inference
objects keep rolling and confuses the model during inference",11,15.0,16.0,16.0,3.0,0.0,0.0,,
nail,human-in-the-loop,19,1,4,97,64.97,1,62,0.8378,69.0,5.0,1480.0,"at zoom out the model is confused between nailsrivertsdefectlong screw""
issues with FP and FN: defects are incorrectly identified (nails -> defect and vice-versa)
objects should be positioned horizontally to assist model inference
objects keep rolling and confuses the model during inference",10,17.0,11.0,12.0,11.0,0.0,0.0,,
nail,human-in-the-loop,20,1,18,29,78.29,2,62,0.8378,69.0,5.0,1480.0,"at zoom out the model is confused between nailsrivertsdefectlong screw""
issues with FP and FN: defects are incorrectly identified (nails -> defect and vice-versa)
objects should be positioned horizontally to assist model inference
objects keep rolling and confuses the model during inference",11,14.0,12.0,11.0,12.0,0.0,0.0,,
nail,human,1,1,39,71,99.71,3,72,0.973,69.0,5.0,666.0,"did not finish
pang 5 round nag chat muna
nagkami sa oras ulit sa 2nd round
tag 10 ang pag bibilang
pang 3rd round nag cellphone muna at nakkaboring
nag cecellphone ngayonnakkainip""
nakkagutom pang 7 palang na bilang :(",69,0.0,0.0,0.0,0.0,0.0,0.0,,
nail,human,2,2,50,68,170.68,4,72,0.973,69.0,5.0,666.0,"did not finish
pang 5 round nag chat muna
nagkami sa oras ulit sa 2nd round
tag 10 ang pag bibilang
pang 3rd round nag cellphone muna at nakkaboring
nag cecellphone ngayonnakkainip""
nakkagutom pang 7 palang na bilang :(",68,0.0,0.0,0.0,0.0,0.0,0.0,,
nail,human,3,3,16,0,196.0,5,73,0.9865,69.0,5.0,666.0,"did not finish
pang 5 round nag chat muna
nagkami sa oras ulit sa 2nd round
tag 10 ang pag bibilang
pang 3rd round nag cellphone muna at nakkaboring
nag cecellphone ngayonnakkainip""
nakkagutom pang 7 palang na bilang :(",68,0.0,0.0,0.0,0.0,0.0,0.0,,
nail,human,4,2,47,63,167.63,5,74,1.0,69.0,5.0,666.0,"did not finish
pang 5 round nag chat muna
nagkami sa oras ulit sa 2nd round
tag 10 ang pag bibilang
pang 3rd round nag cellphone muna at nakkaboring
nag cecellphone ngayonnakkainip""
nakkagutom pang 7 palang na bilang :(",69,0.0,0.0,0.0,0.0,0.0,0.0,,
nail,human,5,1,46,79,106.79,5,72,0.973,69.0,5.0,666.0,"did not finish
pang 5 round nag chat muna
nagkami sa oras ulit sa 2nd round
tag 10 ang pag bibilang
pang 3rd round nag cellphone muna at nakkaboring
nag cecellphone ngayonnakkainip""
nakkagutom pang 7 palang na bilang :(",67,0.0,0.0,0.0,0.0,0.0,0.0,,
nail,human,6,1,48,0,108.0,5,72,0.973,69.0,5.0,666.0,"did not finish
pang 5 round nag chat muna
nagkami sa oras ulit sa 2nd round
tag 10 ang pag bibilang
pang 3rd round nag cellphone muna at nakkaboring
nag cecellphone ngayonnakkainip""
nakkagutom pang 7 palang na bilang :(",67,0.0,0.0,0.0,0.0,0.0,0.0,,
nail,human,7,1,13,17,73.17,5,69,0.9324,69.0,5.0,666.0,"did not finish
pang 5 round nag chat muna
nagkami sa oras ulit sa 2nd round
tag 10 ang pag bibilang
pang 3rd round nag cellphone muna at nakkaboring
nag cecellphone ngayonnakkainip""
nakkagutom pang 7 palang na bilang :(",64,0.0,0.0,0.0,0.0,0.0,0.0,,
nail,human,8,2,56,2,176.02,5,72,0.973,69.0,5.0,666.0,"did not finish
pang 5 round nag chat muna
nagkami sa oras ulit sa 2nd round
tag 10 ang pag bibilang
pang 3rd round nag cellphone muna at nakkaboring
nag cecellphone ngayonnakkainip""
nakkagutom pang 7 palang na bilang :(",67,0.0,0.0,0.0,0.0,0.0,0.0,,
nail,human,9,1,46,2,106.02,5,72,0.973,69.0,5.0,666.0,"did not finish
pang 5 round nag chat muna
nagkami sa oras ulit sa 2nd round
tag 10 ang pag bibilang
pang 3rd round nag cellphone muna at nakkaboring
nag cecellphone ngayonnakkainip""
nakkagutom pang 7 palang na bilang :(",67,0.0,0.0,0.0,0.0,0.0,0.0,,
nail,human,10,0,0,0,0.0,0,0,0.0,69.0,5.0,666.0,"did not finish
pang 5 round nag chat muna
nagkami sa oras ulit sa 2nd round
tag 10 ang pag bibilang
pang 3rd round nag cellphone muna at nakkaboring
nag cecellphone ngayonnakkainip""
nakkagutom pang 7 palang na bilang :(",0,0.0,0.0,0.0,0.0,0.0,0.0,,
nail,human,11,0,0,0,0.0,0,0,0.0,69.0,5.0,666.0,"did not finish
pang 5 round nag chat muna
nagkami sa oras ulit sa 2nd round
tag 10 ang pag bibilang
pang 3rd round nag cellphone muna at nakkaboring
nag cecellphone ngayonnakkainip""
nakkagutom pang 7 palang na bilang :(",0,0.0,0.0,0.0,0.0,0.0,0.0,,
nail,human,12,0,0,0,0.0,0,0,0.0,69.0,5.0,666.0,"did not finish
pang 5 round nag chat muna
nagkami sa oras ulit sa 2nd round
tag 10 ang pag bibilang
pang 3rd round nag cellphone muna at nakkaboring
nag cecellphone ngayonnakkainip""
nakkagutom pang 7 palang na bilang :(",0,0.0,0.0,0.0,0.0,0.0,0.0,,
nail,human,13,0,0,0,0.0,0,0,0.0,69.0,5.0,666.0,"did not finish
pang 5 round nag chat muna
nagkami sa oras ulit sa 2nd round
tag 10 ang pag bibilang
pang 3rd round nag cellphone muna at nakkaboring
nag cecellphone ngayonnakkainip""
nakkagutom pang 7 palang na bilang :(",0,0.0,0.0,0.0,0.0,0.0,0.0,,
nail,human,14,0,0,0,0.0,0,0,0.0,69.0,5.0,666.0,"did not finish
pang 5 round nag chat muna
nagkami sa oras ulit sa 2nd round
tag 10 ang pag bibilang
pang 3rd round nag cellphone muna at nakkaboring
nag cecellphone ngayonnakkainip""
nakkagutom pang 7 palang na bilang :(",0,0.0,0.0,0.0,0.0,0.0,0.0,,
nail,human,15,0,0,0,0.0,0,0,0.0,69.0,5.0,666.0,"did not finish
pang 5 round nag chat muna
nagkami sa oras ulit sa 2nd round
tag 10 ang pag bibilang
pang 3rd round nag cellphone muna at nakkaboring
nag cecellphone ngayonnakkainip""
nakkagutom pang 7 palang na bilang :(",0,0.0,0.0,0.0,0.0,0.0,0.0,,
nail,human,16,0,0,0,0.0,0,0,0.0,69.0,5.0,666.0,"did not finish
pang 5 round nag chat muna
nagkami sa oras ulit sa 2nd round
tag 10 ang pag bibilang
pang 3rd round nag cellphone muna at nakkaboring
nag cecellphone ngayonnakkainip""
nakkagutom pang 7 palang na bilang :(",0,0.0,0.0,0.0,0.0,0.0,0.0,,
nail,human,17,0,0,0,0.0,0,0,0.0,69.0,5.0,666.0,"did not finish
pang 5 round nag chat muna
nagkami sa oras ulit sa 2nd round
tag 10 ang pag bibilang
pang 3rd round nag cellphone muna at nakkaboring
nag cecellphone ngayonnakkainip""
nakkagutom pang 7 palang na bilang :(",0,0.0,0.0,0.0,0.0,0.0,0.0,,
nail,human,18,0,0,0,0.0,0,0,0.0,69.0,5.0,666.0,"did not finish
pang 5 round nag chat muna
nagkami sa oras ulit sa 2nd round
tag 10 ang pag bibilang
pang 3rd round nag cellphone muna at nakkaboring
nag cecellphone ngayonnakkainip""
nakkagutom pang 7 palang na bilang :(",0,0.0,0.0,0.0,0.0,0.0,0.0,,
nail,human,19,0,0,0,0.0,0,0,0.0,69.0,5.0,666.0,"did not finish
pang 5 round nag chat muna
nagkami sa oras ulit sa 2nd round
tag 10 ang pag bibilang
pang 3rd round nag cellphone muna at nakkaboring
nag cecellphone ngayonnakkainip""
nakkagutom pang 7 palang na bilang :(",0,0.0,0.0,0.0,0.0,0.0,0.0,,
nail,human,20,0,0,0,0.0,0,0,0.0,69.0,5.0,666.0,"did not finish
pang 5 round nag chat muna
nagkami sa oras ulit sa 2nd round
tag 10 ang pag bibilang
pang 3rd round nag cellphone muna at nakkaboring
nag cecellphone ngayonnakkainip""
nakkagutom pang 7 palang na bilang :(",0,0.0,0.0,0.0,0.0,0.0,0.0,,
tek-screw,human-in-the-loop,1,3,54,97,234.97,9,94,0.9307,87.0,14.0,2020.0,"getting bored
break -> no more daylight
model having trouble with over 20 objects 
used a bowl to separate counted screws from surface",15,19.0,9.0,7.0,7.0,7.0,9.0,12.0,
tek-screw,human-in-the-loop,2,2,52,88,172.88,3,90,0.8911,87.0,14.0,2020.0,"getting bored
break -> no more daylight
model having trouble with over 20 objects 
used a bowl to separate counted screws from surface",11,15.0,11.0,20.0,5.0,13.0,12.0,0.0,
tek-screw,human-in-the-loop,3,2,59,73,179.73,11,94,0.9307,87.0,14.0,2020.0,"getting bored
break -> no more daylight
model having trouble with over 20 objects 
used a bowl to separate counted screws from surface",11,8.0,13.0,11.0,19.0,21.0,0.0,0.0,
tek-screw,human-in-the-loop,4,1,53,60,113.6,8,79,0.7822,87.0,14.0,2020.0,"getting bored
break -> no more daylight
model having trouble with over 20 objects 
used a bowl to separate counted screws from surface",14,25.0,17.0,15.0,0.0,0.0,0.0,0.0,
tek-screw,human-in-the-loop,5,2,27,60,147.6,4,83,0.8218,87.0,14.0,2020.0,"getting bored
break -> no more daylight
model having trouble with over 20 objects 
used a bowl to separate counted screws from surface",29,24.0,26.0,0.0,0.0,0.0,0.0,0.0,
tek-screw,human-in-the-loop,6,2,0,40,120.4,7,84,0.8317,87.0,14.0,2020.0,"getting bored
break -> no more daylight
model having trouble with over 20 objects 
used a bowl to separate counted screws from surface",15,27.0,35.0,0.0,0.0,0.0,0.0,0.0,
tek-screw,human-in-the-loop,7,2,10,73,130.73,0,76,0.7525,87.0,14.0,2020.0,"getting bored
break -> no more daylight
model having trouble with over 20 objects 
used a bowl to separate counted screws from surface",21,30.0,25.0,0.0,0.0,0.0,0.0,0.0,
tek-screw,human-in-the-loop,8,1,44,12,104.12,9,92,0.9109,87.0,14.0,2020.0,"getting bored
break -> no more daylight
model having trouble with over 20 objects 
used a bowl to separate counted screws from surface",32,36.0,15.0,0.0,0.0,0.0,0.0,0.0,
tek-screw,human-in-the-loop,9,1,59,12,119.12,9,81,0.802,87.0,14.0,2020.0,"getting bored
break -> no more daylight
model having trouble with over 20 objects 
used a bowl to separate counted screws from surface",30,32.0,10.0,0.0,0.0,0.0,0.0,0.0,
tek-screw,human-in-the-loop,10,2,12,48,132.48,4,86,0.8515,87.0,14.0,2020.0,"getting bored
break -> no more daylight
model having trouble with over 20 objects 
used a bowl to separate counted screws from surface",20,19.0,15.0,21.0,7.0,0.0,0.0,0.0,
tek-screw,human-in-the-loop,11,2,8,2,128.02,8,87,0.8614,87.0,14.0,2020.0,"getting bored
break -> no more daylight
model having trouble with over 20 objects 
used a bowl to separate counted screws from surface",15,12.0,16.0,21.0,15.0,0.0,0.0,0.0,
tek-screw,human-in-the-loop,12,2,37,90,157.9,1,83,0.8218,87.0,14.0,2020.0,"getting bored
break -> no more daylight
model having trouble with over 20 objects 
used a bowl to separate counted screws from surface",20,19.0,22.0,21.0,0.0,0.0,0.0,0.0,
tek-screw,human-in-the-loop,13,2,20,63,140.63,9,88,0.8713,87.0,14.0,2020.0,"getting bored
break -> no more daylight
model having trouble with over 20 objects 
used a bowl to separate counted screws from surface",30,40.0,9.0,0.0,0.0,0.0,0.0,0.0,
tek-screw,human-in-the-loop,14,1,38,42,98.42,8,81,0.802,87.0,14.0,2020.0,"getting bored
break -> no more daylight
model having trouble with over 20 objects 
used a bowl to separate counted screws from surface",18,19.0,1.0,16.0,19.0,0.0,0.0,0.0,
tek-screw,human-in-the-loop,15,2,24,88,144.88,6,80,0.7921,87.0,14.0,2020.0,"getting bored
break -> no more daylight
model having trouble with over 20 objects 
used a bowl to separate counted screws from surface",13,23.0,14.0,12.0,12.0,0.0,0.0,0.0,
tek-screw,human-in-the-loop,16,2,20,45,140.45,2,85,0.8416,87.0,14.0,2020.0,"getting bored
break -> no more daylight
model having trouble with over 20 objects 
used a bowl to separate counted screws from surface",15,17.0,14.0,15.0,22.0,0.0,0.0,0.0,
tek-screw,human-in-the-loop,17,2,28,83,148.83,12,92,0.9109,87.0,14.0,2020.0,"getting bored
break -> no more daylight
model having trouble with over 20 objects 
used a bowl to separate counted screws from surface",14,12.0,20.0,17.0,17.0,0.0,0.0,0.0,
tek-screw,human-in-the-loop,18,2,42,96,162.96,4,87,0.8614,87.0,14.0,2020.0,"getting bored
break -> no more daylight
model having trouble with over 20 objects 
used a bowl to separate counted screws from surface",17,20.0,16.0,12.0,15.0,3.0,0.0,0.0,
tek-screw,human-in-the-loop,19,2,35,60,155.6,9,93,0.9208,87.0,14.0,2020.0,"getting bored
break -> no more daylight
model having trouble with over 20 objects 
used a bowl to separate counted screws from surface",17,21.0,18.0,17.0,11.0,0.0,0.0,0.0,
tek-screw,human-in-the-loop,20,2,42,6,162.06,5,89,0.8812,87.0,14.0,2020.0,"getting bored
break -> no more daylight
model having trouble with over 20 objects 
used a bowl to separate counted screws from surface",17,21.0,8.0,10.0,14.0,14.0,0.0,0.0,
tek-screw,human,1,2,9,88,129.88,14,95,0.9406,87.0,14.0,2020.0,"nagkamali ng bilang kaya inulit
nagkkabugnot kasi iba-iba and nagging bilang
nakkaboring na
masakit sa likod
nakipag kwentuhan ako kaya nakalimutan ko yung bilang
bumili ako
nag pahinga muna ako
may tumawagkasura!""
nag cellphone ako kasi may tumawag
nakkaboring kasi paulit-ulit
malikot ang screw kaya ang hirap bilangin",81,0.0,0.0,0.0,0.0,0.0,0.0,0.0,
tek-screw,human,2,2,28,82,148.82,14,102,1.0099,87.0,14.0,2020.0,"nagkamali ng bilang kaya inulit
nagkkabugnot kasi iba-iba and nagging bilang
nakkaboring na
masakit sa likod
nakipag kwentuhan ako kaya nakalimutan ko yung bilang
bumili ako
nag pahinga muna ako
may tumawagkasura!""
nag cellphone ako kasi may tumawag
nakkaboring kasi paulit-ulit
malikot ang screw kaya ang hirap bilangin",88,0.0,0.0,0.0,0.0,0.0,0.0,0.0,
tek-screw,human,3,0,57,95,57.95,14,100,0.9901,87.0,14.0,2020.0,"nagkamali ng bilang kaya inulit
nagkkabugnot kasi iba-iba and nagging bilang
nakkaboring na
masakit sa likod
nakipag kwentuhan ako kaya nakalimutan ko yung bilang
bumili ako
nag pahinga muna ako
may tumawagkasura!""
nag cellphone ako kasi may tumawag
nakkaboring kasi paulit-ulit
malikot ang screw kaya ang hirap bilangin",86,0.0,0.0,0.0,0.0,0.0,0.0,0.0,
tek-screw,human,4,1,7,52,67.52,12,102,1.0099,87.0,14.0,2020.0,"nagkamali ng bilang kaya inulit
nagkkabugnot kasi iba-iba and nagging bilang
nakkaboring na
masakit sa likod
nakipag kwentuhan ako kaya nakalimutan ko yung bilang
bumili ako
nag pahinga muna ako
may tumawagkasura!""
nag cellphone ako kasi may tumawag
nakkaboring kasi paulit-ulit
malikot ang screw kaya ang hirap bilangin",90,0.0,0.0,0.0,0.0,0.0,0.0,0.0,
tek-screw,human,5,1,42,2,102.02,15,99,0.9802,87.0,14.0,2020.0,"nagkamali ng bilang kaya inulit
nagkkabugnot kasi iba-iba and nagging bilang
nakkaboring na
masakit sa likod
nakipag kwentuhan ako kaya nakalimutan ko yung bilang
bumili ako
nag pahinga muna ako
may tumawagkasura!""
nag cellphone ako kasi may tumawag
nakkaboring kasi paulit-ulit
malikot ang screw kaya ang hirap bilangin",84,0.0,0.0,0.0,0.0,0.0,0.0,0.0,
tek-screw,human,6,3,22,35,202.35,15,100,0.9901,87.0,14.0,2020.0,"nagkamali ng bilang kaya inulit
nagkkabugnot kasi iba-iba and nagging bilang
nakkaboring na
masakit sa likod
nakipag kwentuhan ako kaya nakalimutan ko yung bilang
bumili ako
nag pahinga muna ako
may tumawagkasura!""
nag cellphone ako kasi may tumawag
nakkaboring kasi paulit-ulit
malikot ang screw kaya ang hirap bilangin",85,0.0,0.0,0.0,0.0,0.0,0.0,0.0,
tek-screw,human,7,2,15,8,135.08,15,100,0.9901,87.0,14.0,2020.0,"nagkamali ng bilang kaya inulit
nagkkabugnot kasi iba-iba and nagging bilang
nakkaboring na
masakit sa likod
nakipag kwentuhan ako kaya nakalimutan ko yung bilang
bumili ako
nag pahinga muna ako
may tumawagkasura!""
nag cellphone ako kasi may tumawag
nakkaboring kasi paulit-ulit
malikot ang screw kaya ang hirap bilangin",85,0.0,0.0,0.0,0.0,0.0,0.0,0.0,
tek-screw,human,8,3,32,11,212.11,14,100,0.9901,87.0,14.0,2020.0,"nagkamali ng bilang kaya inulit
nagkkabugnot kasi iba-iba and nagging bilang
nakkaboring na
masakit sa likod
nakipag kwentuhan ako kaya nakalimutan ko yung bilang
bumili ako
nag pahinga muna ako
may tumawagkasura!""
nag cellphone ako kasi may tumawag
nakkaboring kasi paulit-ulit
malikot ang screw kaya ang hirap bilangin",86,0.0,0.0,0.0,0.0,0.0,0.0,0.0,
tek-screw,human,9,2,13,51,133.51,14,100,0.9901,87.0,14.0,2020.0,"nagkamali ng bilang kaya inulit
nagkkabugnot kasi iba-iba and nagging bilang
nakkaboring na
masakit sa likod
nakipag kwentuhan ako kaya nakalimutan ko yung bilang
bumili ako
nag pahinga muna ako
may tumawagkasura!""
nag cellphone ako kasi may tumawag
nakkaboring kasi paulit-ulit
malikot ang screw kaya ang hirap bilangin",86,0.0,0.0,0.0,0.0,0.0,0.0,0.0,
tek-screw,human,10,1,48,56,108.56,15,100,0.9901,87.0,14.0,2020.0,"nagkamali ng bilang kaya inulit
nagkkabugnot kasi iba-iba and nagging bilang
nakkaboring na
masakit sa likod
nakipag kwentuhan ako kaya nakalimutan ko yung bilang
bumili ako
nag pahinga muna ako
may tumawagkasura!""
nag cellphone ako kasi may tumawag
nakkaboring kasi paulit-ulit
malikot ang screw kaya ang hirap bilangin",85,0.0,0.0,0.0,0.0,0.0,0.0,0.0,
tek-screw,human,11,1,57,34,117.34,15,100,0.9901,87.0,14.0,2020.0,"nagkamali ng bilang kaya inulit
nagkkabugnot kasi iba-iba and nagging bilang
nakkaboring na
masakit sa likod
nakipag kwentuhan ako kaya nakalimutan ko yung bilang
bumili ako
nag pahinga muna ako
may tumawagkasura!""
nag cellphone ako kasi may tumawag
nakkaboring kasi paulit-ulit
malikot ang screw kaya ang hirap bilangin",85,0.0,0.0,0.0,0.0,0.0,0.0,0.0,
tek-screw,human,12,5,43,50,343.5,15,100,0.9901,87.0,14.0,2020.0,"nagkamali ng bilang kaya inulit
nagkkabugnot kasi iba-iba and nagging bilang
nakkaboring na
masakit sa likod
nakipag kwentuhan ako kaya nakalimutan ko yung bilang
bumili ako
nag pahinga muna ako
may tumawagkasura!""
nag cellphone ako kasi may tumawag
nakkaboring kasi paulit-ulit
malikot ang screw kaya ang hirap bilangin",85,0.0,0.0,0.0,0.0,0.0,0.0,0.0,
tek-screw,human,13,3,18,78,198.78,15,100,0.9901,87.0,14.0,2020.0,"nagkamali ng bilang kaya inulit
nagkkabugnot kasi iba-iba and nagging bilang
nakkaboring na
masakit sa likod
nakipag kwentuhan ako kaya nakalimutan ko yung bilang
bumili ako
nag pahinga muna ako
may tumawagkasura!""
nag cellphone ako kasi may tumawag
nakkaboring kasi paulit-ulit
malikot ang screw kaya ang hirap bilangin",85,0.0,0.0,0.0,0.0,0.0,0.0,0.0,
tek-screw,human,14,2,0,91,120.91,15,100,0.9901,87.0,14.0,2020.0,"nagkamali ng bilang kaya inulit
nagkkabugnot kasi iba-iba and nagging bilang
nakkaboring na
masakit sa likod
nakipag kwentuhan ako kaya nakalimutan ko yung bilang
bumili ako
nag pahinga muna ako
may tumawagkasura!""
nag cellphone ako kasi may tumawag
nakkaboring kasi paulit-ulit
malikot ang screw kaya ang hirap bilangin",85,0.0,0.0,0.0,0.0,0.0,0.0,0.0,
tek-screw,human,15,1,28,65,88.65,15,100,0.9901,87.0,14.0,2020.0,"nagkamali ng bilang kaya inulit
nagkkabugnot kasi iba-iba and nagging bilang
nakkaboring na
masakit sa likod
nakipag kwentuhan ako kaya nakalimutan ko yung bilang
bumili ako
nag pahinga muna ako
may tumawagkasura!""
nag cellphone ako kasi may tumawag
nakkaboring kasi paulit-ulit
malikot ang screw kaya ang hirap bilangin",85,0.0,0.0,0.0,0.0,0.0,0.0,0.0,
tek-screw,human,16,1,34,75,94.75,15,100,0.9901,87.0,14.0,2020.0,"nagkamali ng bilang kaya inulit
nagkkabugnot kasi iba-iba and nagging bilang
nakkaboring na
masakit sa likod
nakipag kwentuhan ako kaya nakalimutan ko yung bilang
bumili ako
nag pahinga muna ako
may tumawagkasura!""
nag cellphone ako kasi may tumawag
nakkaboring kasi paulit-ulit
malikot ang screw kaya ang hirap bilangin",85,0.0,0.0,0.0,0.0,0.0,0.0,0.0,
tek-screw,human,17,1,20,94,80.94,15,100,0.9901,87.0,14.0,2020.0,"nagkamali ng bilang kaya inulit
nagkkabugnot kasi iba-iba and nagging bilang
nakkaboring na
masakit sa likod
nakipag kwentuhan ako kaya nakalimutan ko yung bilang
bumili ako
nag pahinga muna ako
may tumawagkasura!""
nag cellphone ako kasi may tumawag
nakkaboring kasi paulit-ulit
malikot ang screw kaya ang hirap bilangin",85,0.0,0.0,0.0,0.0,0.0,0.0,0.0,
tek-screw,human,18,1,30,81,90.81,15,100,0.9901,87.0,14.0,2020.0,"nagkamali ng bilang kaya inulit
nagkkabugnot kasi iba-iba and nagging bilang
nakkaboring na
masakit sa likod
nakipag kwentuhan ako kaya nakalimutan ko yung bilang
bumili ako
nag pahinga muna ako
may tumawagkasura!""
nag cellphone ako kasi may tumawag
nakkaboring kasi paulit-ulit
malikot ang screw kaya ang hirap bilangin",85,0.0,0.0,0.0,0.0,0.0,0.0,0.0,
tek-screw,human,19,1,13,24,73.24,15,100,0.9901,87.0,14.0,2020.0,"nagkamali ng bilang kaya inulit
nagkkabugnot kasi iba-iba and nagging bilang
nakkaboring na
masakit sa likod
nakipag kwentuhan ako kaya nakalimutan ko yung bilang
bumili ako
nag pahinga muna ako
may tumawagkasura!""
nag cellphone ako kasi may tumawag
nakkaboring kasi paulit-ulit
malikot ang screw kaya ang hirap bilangin",85,0.0,0.0,0.0,0.0,0.0,0.0,0.0,
tek-screw,human,20,1,45,89,105.89,15,100,0.9901,87.0,14.0,2020.0,"nagkamali ng bilang kaya inulit
nagkkabugnot kasi iba-iba and nagging bilang
nakkaboring na
masakit sa likod
nakipag kwentuhan ako kaya nakalimutan ko yung bilang
bumili ako
nag pahinga muna ako
may tumawagkasura!""
nag cellphone ako kasi may tumawag
nakkaboring kasi paulit-ulit
malikot ang screw kaya ang hirap bilangin",85,0.0,0.0,0.0,0.0,0.0,0.0,0.0,
long screw,human-in-the-loop,1,1,27,54,87.54,4,46,0.902,45.0,6.0,1020.0,"rolling screws were annoying
FP and FN are so many",9,11.0,10.0,12.0,0.0,,,,
long screw,human-in-the-loop,2,2,7,43,127.43,8,45,0.8824,45.0,6.0,1020.0,"rolling screws were annoying
FP and FN are so many",6,11.0,7.0,6.0,7.0,,,,
long screw,human-in-the-loop,3,1,50,32,110.32,5,47,0.9216,45.0,6.0,1020.0,"rolling screws were annoying
FP and FN are so many",7,11.0,11.0,9.0,4.0,,,,
long screw,human-in-the-loop,4,1,17,87,77.87,4,42,0.8235,45.0,6.0,1020.0,"rolling screws were annoying
FP and FN are so many",4,9.0,11.0,14.0,0.0,,,,
long screw,human-in-the-loop,5,1,30,89,90.89,4,44,0.8627,45.0,6.0,1020.0,"rolling screws were annoying
FP and FN are so many",9,9.0,13.0,9.0,0.0,,,,
long screw,human-in-the-loop,6,1,27,67,87.67,6,49,0.9608,45.0,6.0,1020.0,"rolling screws were annoying
FP and FN are so many",11,8.0,6.0,9.0,9.0,,,,
long screw,human-in-the-loop,7,1,19,89,79.89,2,45,0.8824,45.0,6.0,1020.0,"rolling screws were annoying
FP and FN are so many",7,12.0,11.0,12.0,1.0,,,,
long screw,human-in-the-loop,8,1,14,69,74.69,1,45,0.8824,45.0,6.0,1020.0,"rolling screws were annoying
FP and FN are so many",11,9.0,9.0,15.0,0.0,,,,
long screw,human-in-the-loop,9,1,22,44,82.44,4,48,0.9412,45.0,6.0,1020.0,"rolling screws were annoying
FP and FN are so many",6,8.0,13.0,17.0,0.0,,,,
long screw,human-in-the-loop,10,1,13,60,73.6,2,45,0.8824,45.0,6.0,1020.0,"rolling screws were annoying
FP and FN are so many",10,15.0,18.0,0.0,0.0,,,,
long screw,human-in-the-loop,11,1,16,82,76.82,3,47,0.9216,45.0,6.0,1020.0,"rolling screws were annoying
FP and FN are so many",9,12.0,12.0,11.0,0.0,,,,
long screw,human-in-the-loop,12,1,44,2,104.02,3,47,0.9216,45.0,6.0,1020.0,"rolling screws were annoying
FP and FN are so many",7,11.0,9.0,17.0,0.0,,,,
long screw,human-in-the-loop,13,1,24,90,84.9,2,47,0.9216,45.0,6.0,1020.0,"rolling screws were annoying
FP and FN are so many",13,7.0,12.0,13.0,0.0,,,,
long screw,human-in-the-loop,14,1,37,20,97.2,3,47,0.9216,45.0,6.0,1020.0,"rolling screws were annoying
FP and FN are so many",11,9.0,10.0,14.0,0.0,,,,
long screw,human-in-the-loop,15,1,37,94,97.94,4,49,0.9608,45.0,6.0,1020.0,"rolling screws were annoying
FP and FN are so many",9,9.0,9.0,10.0,8.0,,,,
long screw,human-in-the-loop,16,1,12,24,72.24,1,49,0.9608,45.0,6.0,1020.0,"rolling screws were annoying
FP and FN are so many",14,14.0,20.0,0.0,0.0,,,,
long screw,human-in-the-loop,17,1,27,17,87.17,3,46,0.902,45.0,6.0,1020.0,"rolling screws were annoying
FP and FN are so many",7,10.0,10.0,11.0,5.0,,,,
long screw,human-in-the-loop,18,1,30,49,90.49,3,49,0.9608,45.0,6.0,1020.0,"rolling screws were annoying
FP and FN are so many",9,8.0,13.0,8.0,8.0,,,,
long screw,human-in-the-loop,19,1,9,21,69.21,2,43,0.8431,45.0,6.0,1020.0,"rolling screws were annoying
FP and FN are so many",7,13.0,7.0,14.0,0.0,,,,
long screw,human-in-the-loop,20,1,8,82,68.82,2,49,0.9608,45.0,6.0,1020.0,"rolling screws were annoying
FP and FN are so many",10,12.0,14.0,11.0,0.0,,,,
long screw,human,1,1,46,41,106.41,6,51,1.0,45.0,6.0,1020.0,"nalito ako
umulit ako
nakkatamad
nakkaantok
nakkapagod
nakka ngalay sa braso
inayos ko yung parada ng motor
laging may nahhulog",45,,,,,,,,
long screw,human,2,2,27,70,147.7,6,51,1.0,45.0,6.0,1020.0,"nalito ako
umulit ako
nakkatamad
nakkaantok
nakkapagod
nakka ngalay sa braso
inayos ko yung parada ng motor
laging may nahhulog",45,,,,,,,,
long screw,human,3,0,57,84,57.84,6,51,1.0,45.0,6.0,1020.0,"nalito ako
umulit ako
nakkatamad
nakkaantok
nakkapagod
nakka ngalay sa braso
inayos ko yung parada ng motor
laging may nahhulog",45,,,,,,,,
long screw,human,4,2,5,93,125.93,6,51,1.0,45.0,6.0,1020.0,"nalito ako
umulit ako
nakkatamad
nakkaantok
nakkapagod
nakka ngalay sa braso
inayos ko yung parada ng motor
laging may nahhulog",45,,,,,,,,
long screw,human,5,2,49,19,169.19,6,51,1.0,45.0,6.0,1020.0,"nalito ako
umulit ako
nakkatamad
nakkaantok
nakkapagod
nakka ngalay sa braso
inayos ko yung parada ng motor
laging may nahhulog",45,,,,,,,,
long screw,human,6,1,9,10,69.1,6,51,1.0,45.0,6.0,1020.0,"nalito ako
umulit ako
nakkatamad
nakkaantok
nakkapagod
nakka ngalay sa braso
inayos ko yung parada ng motor
laging may nahhulog",45,,,,,,,,
long screw,human,7,1,12,95,72.95,6,51,1.0,45.0,6.0,1020.0,"nalito ako
umulit ako
nakkatamad
nakkaantok
nakkapagod
nakka ngalay sa braso
inayos ko yung parada ng motor
laging may nahhulog",45,,,,,,,,
long screw,human,8,0,58,89,58.89,6,51,1.0,45.0,6.0,1020.0,"nalito ako
umulit ako
nakkatamad
nakkaantok
nakkapagod
nakka ngalay sa braso
inayos ko yung parada ng motor
laging may nahhulog",45,,,,,,,,
long screw,human,9,0,55,68,55.68,6,51,1.0,45.0,6.0,1020.0,"nalito ako
umulit ako
nakkatamad
nakkaantok
nakkapagod
nakka ngalay sa braso
inayos ko yung parada ng motor
laging may nahhulog",45,,,,,,,,
long screw,human,10,1,8,26,68.26,6,51,1.0,45.0,6.0,1020.0,"nalito ako
umulit ako
nakkatamad
nakkaantok
nakkapagod
nakka ngalay sa braso
inayos ko yung parada ng motor
laging may nahhulog",45,,,,,,,,
long screw,human,11,2,5,59,125.59,6,51,1.0,45.0,6.0,1020.0,"nalito ako
umulit ako
nakkatamad
nakkaantok
nakkapagod
nakka ngalay sa braso
inayos ko yung parada ng motor
laging may nahhulog",45,,,,,,,,
long screw,human,12,0,43,57,43.57,6,51,1.0,45.0,6.0,1020.0,"nalito ako
umulit ako
nakkatamad
nakkaantok
nakkapagod
nakka ngalay sa braso
inayos ko yung parada ng motor
laging may nahhulog",45,,,,,,,,
long screw,human,13,1,48,49,108.49,6,51,1.0,45.0,6.0,1020.0,"nalito ako
umulit ako
nakkatamad
nakkaantok
nakkapagod
nakka ngalay sa braso
inayos ko yung parada ng motor
laging may nahhulog",45,,,,,,,,
long screw,human,14,5,26,30,326.3,6,51,1.0,45.0,6.0,1020.0,"nalito ako
umulit ako
nakkatamad
nakkaantok
nakkapagod
nakka ngalay sa braso
inayos ko yung parada ng motor
laging may nahhulog",45,,,,,,,,
long screw,human,15,1,5,66,65.66,6,51,1.0,45.0,6.0,1020.0,"nalito ako
umulit ako
nakkatamad
nakkaantok
nakkapagod
nakka ngalay sa braso
inayos ko yung parada ng motor
laging may nahhulog",45,,,,,,,,
long screw,human,16,1,5,72,65.72,6,51,1.0,45.0,6.0,1020.0,"nalito ako
umulit ako
nakkatamad
nakkaantok
nakkapagod
nakka ngalay sa braso
inayos ko yung parada ng motor
laging may nahhulog",45,,,,,,,,
long screw,human,17,1,0,46,60.46,6,51,1.0,45.0,6.0,1020.0,"nalito ako
umulit ako
nakkatamad
nakkaantok
nakkapagod
nakka ngalay sa braso
inayos ko yung parada ng motor
laging may nahhulog",45,,,,,,,,
long screw,human,18,0,51,99,51.99,6,51,1.0,45.0,6.0,1020.0,"nalito ako
umulit ako
nakkatamad
nakkaantok
nakkapagod
nakka ngalay sa braso
inayos ko yung parada ng motor
laging may nahhulog",45,,,,,,,,
long screw,human,19,0,42,18,42.18,6,51,1.0,45.0,6.0,1020.0,"nalito ako
umulit ako
nakkatamad
nakkaantok
nakkapagod
nakka ngalay sa braso
inayos ko yung parada ng motor
laging may nahhulog",45,,,,,,,,
long screw,human,20,0,39,31,39.31,6,51,1.0,45.0,6.0,1020.0,"nalito ako
umulit ako
nakkatamad
nakkaantok
nakkapagod
nakka ngalay sa braso
inayos ko yung parada ng motor
laging may nahhulog",45,,,,,,,,
washer,human-in-the-loop,1,1,21,32,81.32,3,57,0.95,57.0,3.0,1200.0,"breaktook messenger call""
divided counts by 2 sets to avoid losing count
removed defects (model cannot find them)",27,30.0,,,,,,,
washer,human-in-the-loop,2,0,44,29,44.29,3,58,0.9667,57.0,3.0,1200.0,"breaktook messenger call""
divided counts by 2 sets to avoid losing count
removed defects (model cannot find them)",29,28.0,,,,,,,
washer,human-in-the-loop,3,0,23,34,23.34,3,58,0.9667,57.0,3.0,1200.0,"breaktook messenger call""
divided counts by 2 sets to avoid losing count
removed defects (model cannot find them)",57,0.0,,,,,,,
washer,human-in-the-loop,4,0,44,46,44.46,3,58,0.9667,57.0,3.0,1200.0,"breaktook messenger call""
divided counts by 2 sets to avoid losing count
removed defects (model cannot find them)",36,21.0,,,,,,,
washer,human-in-the-loop,5,0,49,61,49.61,3,59,0.9833,57.0,3.0,1200.0,"breaktook messenger call""
divided counts by 2 sets to avoid losing count
removed defects (model cannot find them)",36,21.0,,,,,,,
washer,human-in-the-loop,6,0,41,99,41.99,3,57,0.95,57.0,3.0,1200.0,"breaktook messenger call""
divided counts by 2 sets to avoid losing count
removed defects (model cannot find them)",35,22.0,,,,,,,
washer,human-in-the-loop,7,0,27,49,27.49,3,57,0.95,57.0,3.0,1200.0,"breaktook messenger call""
divided counts by 2 sets to avoid losing count
removed defects (model cannot find them)",57,0.0,,,,,,,
washer,human-in-the-loop,8,0,38,20,38.2,3,57,0.95,57.0,3.0,1200.0,"breaktook messenger call""
divided counts by 2 sets to avoid losing count
removed defects (model cannot find them)",49,8.0,,,,,,,
washer,human-in-the-loop,9,0,41,89,41.89,3,58,0.9667,57.0,3.0,1200.0,"breaktook messenger call""
divided counts by 2 sets to avoid losing count
removed defects (model cannot find them)",47,10.0,,,,,,,
washer,human-in-the-loop,10,0,35,98,35.98,3,59,0.9833,57.0,3.0,1200.0,"breaktook messenger call""
divided counts by 2 sets to avoid losing count
removed defects (model cannot find them)",44,13.0,,,,,,,
washer,human-in-the-loop,11,0,57,87,57.87,3,59,0.9833,57.0,3.0,1200.0,"breaktook messenger call""
divided counts by 2 sets to avoid losing count
removed defects (model cannot find them)",45,12.0,,,,,,,
washer,human-in-the-loop,12,0,34,86,34.86,3,58,0.9667,57.0,3.0,1200.0,"breaktook messenger call""
divided counts by 2 sets to avoid losing count
removed defects (model cannot find them)",50,7.0,,,,,,,
washer,human-in-the-loop,13,0,37,81,37.81,3,58,0.9667,57.0,3.0,1200.0,"breaktook messenger call""
divided counts by 2 sets to avoid losing count
removed defects (model cannot find them)",45,12.0,,,,,,,
washer,human-in-the-loop,14,0,36,64,36.64,3,59,0.9833,57.0,3.0,1200.0,"breaktook messenger call""
divided counts by 2 sets to avoid losing count
removed defects (model cannot find them)",45,12.0,,,,,,,
washer,human-in-the-loop,15,0,31,38,31.38,3,57,0.95,57.0,3.0,1200.0,"breaktook messenger call""
divided counts by 2 sets to avoid losing count
removed defects (model cannot find them)",45,12.0,,,,,,,
washer,human-in-the-loop,16,0,18,61,18.61,3,59,0.9833,57.0,3.0,1200.0,"breaktook messenger call""
divided counts by 2 sets to avoid losing count
removed defects (model cannot find them)",57,0.0,,,,,,,
washer,human-in-the-loop,17,0,35,1,35.01,3,59,0.9833,57.0,3.0,1200.0,"breaktook messenger call""
divided counts by 2 sets to avoid losing count
removed defects (model cannot find them)",41,16.0,,,,,,,
washer,human-in-the-loop,18,0,33,6,33.06,3,57,0.95,57.0,3.0,1200.0,"breaktook messenger call""
divided counts by 2 sets to avoid losing count
removed defects (model cannot find them)",45,12.0,,,,,,,
washer,human-in-the-loop,19,0,28,91,28.91,3,57,0.95,57.0,3.0,1200.0,"breaktook messenger call""
divided counts by 2 sets to avoid losing count
removed defects (model cannot find them)",40,17.0,,,,,,,
washer,human-in-the-loop,20,0,30,91,30.91,3,57,0.95,57.0,3.0,1200.0,"breaktook messenger call""
divided counts by 2 sets to avoid losing count
removed defects (model cannot find them)",41,16.0,,,,,,,
washer,human,1,1,6,8,66.08,3,60,1.0,57.0,3.0,1200.0,"nagkamali ako o nalimutan
10 ang pag bbilang ko
nagkamali sa oras
nag bukas ng lolipop
nakkangalay
boring at nakkaantok
laging nallaglagan",57,,,,,,,,
washer,human,2,1,3,5,63.05,3,60,1.0,57.0,3.0,1200.0,"nagkamali ako o nalimutan
10 ang pag bbilang ko
nagkamali sa oras
nag bukas ng lolipop
nakkangalay
boring at nakkaantok
laging nallaglagan",57,,,,,,,,
washer,human,3,2,30,14,150.14,3,60,1.0,57.0,3.0,1200.0,"nagkamali ako o nalimutan
10 ang pag bbilang ko
nagkamali sa oras
nag bukas ng lolipop
nakkangalay
boring at nakkaantok
laging nallaglagan",57,,,,,,,,
washer,human,4,1,48,68,108.68,3,60,1.0,57.0,3.0,1200.0,"nagkamali ako o nalimutan
10 ang pag bbilang ko
nagkamali sa oras
nag bukas ng lolipop
nakkangalay
boring at nakkaantok
laging nallaglagan",57,,,,,,,,
washer,human,5,1,13,67,73.67,3,60,1.0,57.0,3.0,1200.0,"nagkamali ako o nalimutan
10 ang pag bbilang ko
nagkamali sa oras
nag bukas ng lolipop
nakkangalay
boring at nakkaantok
laging nallaglagan",57,,,,,,,,
washer,human,6,1,26,56,86.56,3,60,1.0,57.0,3.0,1200.0,"nagkamali ako o nalimutan
10 ang pag bbilang ko
nagkamali sa oras
nag bukas ng lolipop
nakkangalay
boring at nakkaantok
laging nallaglagan",57,,,,,,,,
washer,human,7,0,56,80,56.8,3,60,1.0,57.0,3.0,1200.0,"nagkamali ako o nalimutan
10 ang pag bbilang ko
nagkamali sa oras
nag bukas ng lolipop
nakkangalay
boring at nakkaantok
laging nallaglagan",57,,,,,,,,
washer,human,8,0,49,41,49.41,3,60,1.0,57.0,3.0,1200.0,"nagkamali ako o nalimutan
10 ang pag bbilang ko
nagkamali sa oras
nag bukas ng lolipop
nakkangalay
boring at nakkaantok
laging nallaglagan",57,,,,,,,,
washer,human,9,1,2,83,62.83,3,60,1.0,57.0,3.0,1200.0,"nagkamali ako o nalimutan
10 ang pag bbilang ko
nagkamali sa oras
nag bukas ng lolipop
nakkangalay
boring at nakkaantok
laging nallaglagan",57,,,,,,,,
washer,human,10,1,3,45,63.45,3,60,1.0,57.0,3.0,1200.0,"nagkamali ako o nalimutan
10 ang pag bbilang ko
nagkamali sa oras
nag bukas ng lolipop
nakkangalay
boring at nakkaantok
laging nallaglagan",57,,,,,,,,
washer,human,11,1,50,64,110.64,3,60,1.0,57.0,3.0,1200.0,"nagkamali ako o nalimutan
10 ang pag bbilang ko
nagkamali sa oras
nag bukas ng lolipop
nakkangalay
boring at nakkaantok
laging nallaglagan",57,,,,,,,,
washer,human,12,0,48,85,48.85,3,60,1.0,57.0,3.0,1200.0,"nagkamali ako o nalimutan
10 ang pag bbilang ko
nagkamali sa oras
nag bukas ng lolipop
nakkangalay
boring at nakkaantok
laging nallaglagan",57,,,,,,,,
washer,human,13,0,43,4,43.04,3,60,1.0,57.0,3.0,1200.0,"nagkamali ako o nalimutan
10 ang pag bbilang ko
nagkamali sa oras
nag bukas ng lolipop
nakkangalay
boring at nakkaantok
laging nallaglagan",57,,,,,,,,
washer,human,14,1,6,66,66.66,3,60,1.0,57.0,3.0,1200.0,"nagkamali ako o nalimutan
10 ang pag bbilang ko
nagkamali sa oras
nag bukas ng lolipop
nakkangalay
boring at nakkaantok
laging nallaglagan",57,,,,,,,,
washer,human,15,0,50,93,50.93,3,60,1.0,57.0,3.0,1200.0,"nagkamali ako o nalimutan
10 ang pag bbilang ko
nagkamali sa oras
nag bukas ng lolipop
nakkangalay
boring at nakkaantok
laging nallaglagan",57,,,,,,,,
washer,human,16,1,51,98,111.98,3,60,1.0,57.0,3.0,1200.0,"nagkamali ako o nalimutan
10 ang pag bbilang ko
nagkamali sa oras
nag bukas ng lolipop
nakkangalay
boring at nakkaantok
laging nallaglagan",57,,,,,,,,
washer,human,17,0,43,18,43.18,3,60,1.0,57.0,3.0,1200.0,"nagkamali ako o nalimutan
10 ang pag bbilang ko
nagkamali sa oras
nag bukas ng lolipop
nakkangalay
boring at nakkaantok
laging nallaglagan",57,,,,,,,,
washer,human,18,1,23,80,83.8,3,60,1.0,57.0,3.0,1200.0,"nagkamali ako o nalimutan
10 ang pag bbilang ko
nagkamali sa oras
nag bukas ng lolipop
nakkangalay
boring at nakkaantok
laging nallaglagan",57,,,,,,,,
washer,human,19,0,48,11,48.11,3,60,1.0,57.0,3.0,1200.0,"nagkamali ako o nalimutan
10 ang pag bbilang ko
nagkamali sa oras
nag bukas ng lolipop
nakkangalay
boring at nakkaantok
laging nallaglagan",57,,,,,,,,
washer,human,20,0,54,71,54.71,3,60,1.0,57.0,3.0,1200.0,"nagkamali ako o nalimutan
10 ang pag bbilang ko
nagkamali sa oras
nag bukas ng lolipop
nakkangalay
boring at nakkaantok
laging nallaglagan",57,,,,,,,,
nut,human-in-the-loop,1,1,55,84,115.84,3,141,1.0071,137.0,3.0,2800.0,"even at over 45 objectsthe model is pretty accurate""
at night when the light create shadows the model is off by +- 1-2",20,42.0,34.0,36.0,6.0,,,,
nut,human-in-the-loop,2,1,23,5,83.05,3,137,0.9786,137.0,3.0,2800.0,"even at over 45 objectsthe model is pretty accurate""
at night when the light create shadows the model is off by +- 1-2",26,27.0,39.0,38.0,7.0,,,,
nut,human-in-the-loop,3,1,30,69,90.69,3,138,0.9857,137.0,3.0,2800.0,"even at over 45 objectsthe model is pretty accurate""
at night when the light create shadows the model is off by +- 1-2",29,36.0,41.0,31.0,0.0,,,,
nut,human-in-the-loop,4,1,12,22,72.22,3,138,0.9857,137.0,3.0,2800.0,"even at over 45 objectsthe model is pretty accurate""
at night when the light create shadows the model is off by +- 1-2",48,42.0,36.0,11.0,0.0,,,,
nut,human-in-the-loop,5,1,25,30,85.3,3,138,0.9857,137.0,3.0,2800.0,"even at over 45 objectsthe model is pretty accurate""
at night when the light create shadows the model is off by +- 1-2",37,32.0,33.0,34.0,0.0,,,,
nut,human-in-the-loop,6,1,6,90,66.9,3,141,1.0071,137.0,3.0,2800.0,"even at over 45 objectsthe model is pretty accurate""
at night when the light create shadows the model is off by +- 1-2",34,38.0,37.0,29.0,0.0,,,,
nut,human-in-the-loop,7,1,12,25,72.25,3,142,1.0143,137.0,3.0,2800.0,"even at over 45 objectsthe model is pretty accurate""
at night when the light create shadows the model is off by +- 1-2",26,26.0,28.0,35.0,24.0,,,,
nut,human-in-the-loop,8,1,4,94,64.94,3,140,1.0,137.0,3.0,2800.0,"even at over 45 objectsthe model is pretty accurate""
at night when the light create shadows the model is off by +- 1-2",39,52.0,47.0,0.0,0.0,,,,
nut,human-in-the-loop,9,1,28,85,88.85,3,140,1.0,137.0,3.0,2800.0,"even at over 45 objectsthe model is pretty accurate""
at night when the light create shadows the model is off by +- 1-2",37,36.0,41.0,24.0,0.0,,,,
nut,human-in-the-loop,10,1,6,47,66.47,3,140,1.0,137.0,3.0,2800.0,"even at over 45 objectsthe model is pretty accurate""
at night when the light create shadows the model is off by +- 1-2",49,43.0,45.0,0.0,0.0,,,,
nut,human-in-the-loop,11,1,8,19,68.19,3,138,0.9857,137.0,3.0,2800.0,"even at over 45 objectsthe model is pretty accurate""
at night when the light create shadows the model is off by +- 1-2",41,48.0,49.0,0.0,0.0,,,,
nut,human-in-the-loop,12,1,12,34,72.34,3,140,1.0,137.0,3.0,2800.0,"even at over 45 objectsthe model is pretty accurate""
at night when the light create shadows the model is off by +- 1-2",47,50.0,40.0,0.0,0.0,,,,
nut,human-in-the-loop,13,1,8,79,68.79,3,139,0.9929,137.0,3.0,2800.0,"even at over 45 objectsthe model is pretty accurate""
at night when the light create shadows the model is off by +- 1-2",43,35.0,40.0,20.0,0.0,,,,
nut,human-in-the-loop,14,1,5,87,65.87,3,141,1.0071,137.0,3.0,2800.0,"even at over 45 objectsthe model is pretty accurate""
at night when the light create shadows the model is off by +- 1-2",55,46.0,37.0,0.0,0.0,,,,
nut,human-in-the-loop,15,1,19,35,79.35,3,138,0.9857,137.0,3.0,2800.0,"even at over 45 objectsthe model is pretty accurate""
at night when the light create shadows the model is off by +- 1-2",49,39.0,49.0,0.0,0.0,,,,
nut,human-in-the-loop,16,1,8,33,68.33,3,137,0.9786,137.0,3.0,2800.0,"even at over 45 objectsthe model is pretty accurate""
at night when the light create shadows the model is off by +- 1-2",46,48.0,43.0,0.0,0.0,,,,
nut,human-in-the-loop,17,1,7,9,67.09,3,141,1.0071,137.0,3.0,2800.0,"even at over 45 objectsthe model is pretty accurate""
at night when the light create shadows the model is off by +- 1-2",52,46.0,40.0,0.0,0.0,,,,
nut,human-in-the-loop,18,0,57,12,57.12,3,140,1.0,137.0,3.0,2800.0,"even at over 45 objectsthe model is pretty accurate""
at night when the light create shadows the model is off by +- 1-2",43,39.0,55.0,0.0,0.0,,,,
nut,human-in-the-loop,19,0,54,39,54.39,3,139,0.9929,137.0,3.0,2800.0,"even at over 45 objectsthe model is pretty accurate""
at night when the light create shadows the model is off by +- 1-2",40,50.0,47.0,0.0,0.0,,,,
nut,human-in-the-loop,20,0,56,27,56.27,3,139,0.9929,137.0,3.0,2800.0,"even at over 45 objectsthe model is pretty accurate""
at night when the light create shadows the model is off by +- 1-2",42,44.0,32.0,20.0,0.0,,,,
nut,human,1,2,27,37,147.37,3,138,0.9857,137.0,3.0,2800.0,"nakkanatok
nakkalito mag bilang :(
parang dumadagdag
ang dumi sa kamay ng nut
gusto ko na kumain
lolipop break
nakkihipak ng vape sa tropa
nagtapon ng basura
nawala ako sa bilang
nakalimutan ko mag sulat ng end time",135,,,,,,,,
nut,human,2,1,49,74,109.74,3,138,0.9857,137.0,3.0,2800.0,"nakkanatok
nakkalito mag bilang :(
parang dumadagdag
ang dumi sa kamay ng nut
gusto ko na kumain
lolipop break
nakkihipak ng vape sa tropa
nagtapon ng basura
nawala ako sa bilang
nakalimutan ko mag sulat ng end time",135,,,,,,,,
nut,human,3,2,0,81,120.81,3,138,0.9857,137.0,3.0,2800.0,"nakkanatok
nakkalito mag bilang :(
parang dumadagdag
ang dumi sa kamay ng nut
gusto ko na kumain
lolipop break
nakkihipak ng vape sa tropa
nagtapon ng basura
nawala ako sa bilang
nakalimutan ko mag sulat ng end time",135,,,,,,,,
nut,human,4,4,34,74,274.74,3,140,1.0,137.0,3.0,2800.0,"nakkanatok
nakkalito mag bilang :(
parang dumadagdag
ang dumi sa kamay ng nut
gusto ko na kumain
lolipop break
nakkihipak ng vape sa tropa
nagtapon ng basura
nawala ako sa bilang
nakalimutan ko mag sulat ng end time",137,,,,,,,,
nut,human,5,2,21,45,141.45,3,138,0.9857,137.0,3.0,2800.0,"nakkanatok
nakkalito mag bilang :(
parang dumadagdag
ang dumi sa kamay ng nut
gusto ko na kumain
lolipop break
nakkihipak ng vape sa tropa
nagtapon ng basura
nawala ako sa bilang
nakalimutan ko mag sulat ng end time",135,,,,,,,,
nut,human,6,1,54,37,114.37,3,140,1.0,137.0,3.0,2800.0,"nakkanatok
nakkalito mag bilang :(
parang dumadagdag
ang dumi sa kamay ng nut
gusto ko na kumain
lolipop break
nakkihipak ng vape sa tropa
nagtapon ng basura
nawala ako sa bilang
nakalimutan ko mag sulat ng end time",137,,,,,,,,
nut,human,7,2,28,87,148.87,3,138,0.9857,137.0,3.0,2800.0,"nakkanatok
nakkalito mag bilang :(
parang dumadagdag
ang dumi sa kamay ng nut
gusto ko na kumain
lolipop break
nakkihipak ng vape sa tropa
nagtapon ng basura
nawala ako sa bilang
nakalimutan ko mag sulat ng end time",135,,,,,,,,
nut,human,8,3,4,60,184.6,3,138,0.9857,137.0,3.0,2800.0,"nakkanatok
nakkalito mag bilang :(
parang dumadagdag
ang dumi sa kamay ng nut
gusto ko na kumain
lolipop break
nakkihipak ng vape sa tropa
nagtapon ng basura
nawala ako sa bilang
nakalimutan ko mag sulat ng end time",135,,,,,,,,
nut,human,9,1,48,47,108.47,3,141,1.0071,137.0,3.0,2800.0,"nakkanatok
nakkalito mag bilang :(
parang dumadagdag
ang dumi sa kamay ng nut
gusto ko na kumain
lolipop break
nakkihipak ng vape sa tropa
nagtapon ng basura
nawala ako sa bilang
nakalimutan ko mag sulat ng end time",138,,,,,,,,
nut,human,10,1,54,14,114.14,3,138,0.9857,137.0,3.0,2800.0,"nakkanatok
nakkalito mag bilang :(
parang dumadagdag
ang dumi sa kamay ng nut
gusto ko na kumain
lolipop break
nakkihipak ng vape sa tropa
nagtapon ng basura
nawala ako sa bilang
nakalimutan ko mag sulat ng end time",135,,,,,,,,
nut,human,11,1,42,55,102.55,3,139,0.9929,137.0,3.0,2800.0,"nakkanatok
nakkalito mag bilang :(
parang dumadagdag
ang dumi sa kamay ng nut
gusto ko na kumain
lolipop break
nakkihipak ng vape sa tropa
nagtapon ng basura
nawala ako sa bilang
nakalimutan ko mag sulat ng end time",136,,,,,,,,
nut,human,12,2,22,64,142.64,3,141,1.0071,137.0,3.0,2800.0,"nakkanatok
nakkalito mag bilang :(
parang dumadagdag
ang dumi sa kamay ng nut
gusto ko na kumain
lolipop break
nakkihipak ng vape sa tropa
nagtapon ng basura
nawala ako sa bilang
nakalimutan ko mag sulat ng end time",138,,,,,,,,
nut,human,13,1,43,32,103.32,3,140,1.0,137.0,3.0,2800.0,"nakkanatok
nakkalito mag bilang :(
parang dumadagdag
ang dumi sa kamay ng nut
gusto ko na kumain
lolipop break
nakkihipak ng vape sa tropa
nagtapon ng basura
nawala ako sa bilang
nakalimutan ko mag sulat ng end time",137,,,,,,,,
nut,human,14,2,56,75,176.75,3,139,0.9929,137.0,3.0,2800.0,"nakkanatok
nakkalito mag bilang :(
parang dumadagdag
ang dumi sa kamay ng nut
gusto ko na kumain
lolipop break
nakkihipak ng vape sa tropa
nagtapon ng basura
nawala ako sa bilang
nakalimutan ko mag sulat ng end time",136,,,,,,,,
nut,human,15,1,42,67,102.67,3,140,1.0,137.0,3.0,2800.0,"nakkanatok
nakkalito mag bilang :(
parang dumadagdag
ang dumi sa kamay ng nut
gusto ko na kumain
lolipop break
nakkihipak ng vape sa tropa
nagtapon ng basura
nawala ako sa bilang
nakalimutan ko mag sulat ng end time",137,,,,,,,,
nut,human,16,2,27,45,147.45,3,138,0.9857,137.0,3.0,2800.0,"nakkanatok
nakkalito mag bilang :(
parang dumadagdag
ang dumi sa kamay ng nut
gusto ko na kumain
lolipop break
nakkihipak ng vape sa tropa
nagtapon ng basura
nawala ako sa bilang
nakalimutan ko mag sulat ng end time",135,,,,,,,,
nut,human,17,1,50,31,110.31,3,139,0.9929,137.0,3.0,2800.0,"nakkanatok
nakkalito mag bilang :(
parang dumadagdag
ang dumi sa kamay ng nut
gusto ko na kumain
lolipop break
nakkihipak ng vape sa tropa
nagtapon ng basura
nawala ako sa bilang
nakalimutan ko mag sulat ng end time",136,,,,,,,,
nut,human,18,1,38,57,98.57,3,141,1.0071,137.0,3.0,2800.0,"nakkanatok
nakkalito mag bilang :(
parang dumadagdag
ang dumi sa kamay ng nut
gusto ko na kumain
lolipop break
nakkihipak ng vape sa tropa
nagtapon ng basura
nawala ako sa bilang
nakalimutan ko mag sulat ng end time",138,,,,,,,,
nut,human,19,2,19,68,139.68,3,138,0.9857,137.0,3.0,2800.0,"nakkanatok
nakkalito mag bilang :(
parang dumadagdag
ang dumi sa kamay ng nut
gusto ko na kumain
lolipop break
nakkihipak ng vape sa tropa
nagtapon ng basura
nawala ako sa bilang
nakalimutan ko mag sulat ng end time",135,,,,,,,,
nut,human,20,1,29,92,89.92,3,140,1.0,137.0,3.0,2800.0,"nakkanatok
nakkalito mag bilang :(
parang dumadagdag
ang dumi sa kamay ng nut
gusto ko na kumain
lolipop break
nakkihipak ng vape sa tropa
nagtapon ng basura
nawala ako sa bilang
nakalimutan ko mag sulat ng end time",137,,,,,,,,
black,human-in-the-loop,1,4,42,62,282.62,4,139,1.0221,131.0,5.0,2720.0,"model performs well on vertical objects
proor inference in horizontal orientation
some objects are not being detected (especially horizontal orientation)
some times single (when double) or double (when single) counting
model finds occulsions challenging
cannot detect defects
nakkatusok yung screws
gumugulong yung mga screws
detects rivets instead of black
need to spread the screws to be detected
forgot to log time",17,19.0,22.0,20.0,13.0,12.0,21.0,11.0,0.0
black,human-in-the-loop,2,3,53,59,233.59,3,129,0.9485,131.0,5.0,2720.0,"model performs well on vertical objects
proor inference in horizontal orientation
some objects are not being detected (especially horizontal orientation)
some times single (when double) or double (when single) counting
model finds occulsions challenging
cannot detect defects
nakkatusok yung screws
gumugulong yung mga screws
detects rivets instead of black
need to spread the screws to be detected
forgot to log time",14,16.0,17.0,14.0,14.0,12.0,11.0,11.0,17.0
black,human-in-the-loop,3,3,54,38,234.38,4,134,0.9853,131.0,5.0,2720.0,"model performs well on vertical objects
proor inference in horizontal orientation
some objects are not being detected (especially horizontal orientation)
some times single (when double) or double (when single) counting
model finds occulsions challenging
cannot detect defects
nakkatusok yung screws
gumugulong yung mga screws
detects rivets instead of black
need to spread the screws to be detected
forgot to log time",9,13.0,19.0,15.0,17.0,17.0,15.0,25.0,0.0
black,human-in-the-loop,4,4,36,47,276.47,1,144,1.0588,131.0,5.0,2720.0,"model performs well on vertical objects
proor inference in horizontal orientation
some objects are not being detected (especially horizontal orientation)
some times single (when double) or double (when single) counting
model finds occulsions challenging
cannot detect defects
nakkatusok yung screws
gumugulong yung mga screws
detects rivets instead of black
need to spread the screws to be detected
forgot to log time",12,31.0,29.0,23.0,16.0,20.0,12.0,0.0,0.0
black,human-in-the-loop,5,4,16,81,256.81,3,136,1.0,131.0,5.0,2720.0,"model performs well on vertical objects
proor inference in horizontal orientation
some objects are not being detected (especially horizontal orientation)
some times single (when double) or double (when single) counting
model finds occulsions challenging
cannot detect defects
nakkatusok yung screws
gumugulong yung mga screws
detects rivets instead of black
need to spread the screws to be detected
forgot to log time",12,19.0,13.0,19.0,15.0,25.0,13.0,17.0,0.0
black,human-in-the-loop,6,4,10,97,250.97,0,131,0.9632,131.0,5.0,2720.0,"model performs well on vertical objects
proor inference in horizontal orientation
some objects are not being detected (especially horizontal orientation)
some times single (when double) or double (when single) counting
model finds occulsions challenging
cannot detect defects
nakkatusok yung screws
gumugulong yung mga screws
detects rivets instead of black
need to spread the screws to be detected
forgot to log time",13,16.0,14.0,25.0,23.0,15.0,19.0,6.0,0.0
black,human-in-the-loop,7,3,44,55,224.55,5,120,0.8824,131.0,5.0,2720.0,"model performs well on vertical objects
proor inference in horizontal orientation
some objects are not being detected (especially horizontal orientation)
some times single (when double) or double (when single) counting
model finds occulsions challenging
cannot detect defects
nakkatusok yung screws
gumugulong yung mga screws
detects rivets instead of black
need to spread the screws to be detected
forgot to log time",9,12.0,13.0,16.0,13.0,13.0,29.0,10.0,0.0
black,human-in-the-loop,8,3,30,69,210.69,2,107,0.7868,131.0,5.0,2720.0,"model performs well on vertical objects
proor inference in horizontal orientation
some objects are not being detected (especially horizontal orientation)
some times single (when double) or double (when single) counting
model finds occulsions challenging
cannot detect defects
nakkatusok yung screws
gumugulong yung mga screws
detects rivets instead of black
need to spread the screws to be detected
forgot to log time",10,11.0,14.0,10.0,22.0,13.0,13.0,12.0,0.0
black,human-in-the-loop,9,2,44,66,164.66,4,110,0.8088,131.0,5.0,2720.0,"model performs well on vertical objects
proor inference in horizontal orientation
some objects are not being detected (especially horizontal orientation)
some times single (when double) or double (when single) counting
model finds occulsions challenging
cannot detect defects
nakkatusok yung screws
gumugulong yung mga screws
detects rivets instead of black
need to spread the screws to be detected
forgot to log time",17,10.0,11.0,8.0,21.0,20.0,19.0,0.0,0.0
black,human-in-the-loop,10,2,11,15,131.15,1,102,0.75,131.0,5.0,2720.0,"model performs well on vertical objects
proor inference in horizontal orientation
some objects are not being detected (especially horizontal orientation)
some times single (when double) or double (when single) counting
model finds occulsions challenging
cannot detect defects
nakkatusok yung screws
gumugulong yung mga screws
detects rivets instead of black
need to spread the screws to be detected
forgot to log time",19,15.0,21.0,15.0,22.0,9.0,0.0,0.0,0.0
black,human-in-the-loop,11,3,44,75,224.75,3,103,0.7574,131.0,5.0,2720.0,"model performs well on vertical objects
proor inference in horizontal orientation
some objects are not being detected (especially horizontal orientation)
some times single (when double) or double (when single) counting
model finds occulsions challenging
cannot detect defects
nakkatusok yung screws
gumugulong yung mga screws
detects rivets instead of black
need to spread the screws to be detected
forgot to log time",11,10.0,7.0,10.0,19.0,7.0,9.0,12.0,15.0
black,human-in-the-loop,12,2,45,62,165.62,5,113,0.8309,131.0,5.0,2720.0,"model performs well on vertical objects
proor inference in horizontal orientation
some objects are not being detected (especially horizontal orientation)
some times single (when double) or double (when single) counting
model finds occulsions challenging
cannot detect defects
nakkatusok yung screws
gumugulong yung mga screws
detects rivets instead of black
need to spread the screws to be detected
forgot to log time",13,12.0,13.0,21.0,19.0,8.0,22.0,0.0,0.0
black,human-in-the-loop,13,2,36,80,156.8,1,94,0.6912,131.0,5.0,2720.0,"model performs well on vertical objects
proor inference in horizontal orientation
some objects are not being detected (especially horizontal orientation)
some times single (when double) or double (when single) counting
model finds occulsions challenging
cannot detect defects
nakkatusok yung screws
gumugulong yung mga screws
detects rivets instead of black
need to spread the screws to be detected
forgot to log time",12,8.0,11.0,17.0,12.0,7.0,17.0,9.0,0.0
black,human-in-the-loop,14,3,17,13,197.13,5,103,0.7574,131.0,5.0,2720.0,"model performs well on vertical objects
proor inference in horizontal orientation
some objects are not being detected (especially horizontal orientation)
some times single (when double) or double (when single) counting
model finds occulsions challenging
cannot detect defects
nakkatusok yung screws
gumugulong yung mga screws
detects rivets instead of black
need to spread the screws to be detected
forgot to log time",11,10.0,11.0,11.0,16.0,13.0,15.0,11.0,0.0
black,human-in-the-loop,15,2,42,90,162.9,2,110,0.8088,131.0,5.0,2720.0,"model performs well on vertical objects
proor inference in horizontal orientation
some objects are not being detected (especially horizontal orientation)
some times single (when double) or double (when single) counting
model finds occulsions challenging
cannot detect defects
nakkatusok yung screws
gumugulong yung mga screws
detects rivets instead of black
need to spread the screws to be detected
forgot to log time",17,14.0,13.0,17.0,13.0,23.0,11.0,0.0,0.0
black,human-in-the-loop,16,2,8,31,128.31,2,113,0.8309,131.0,5.0,2720.0,"model performs well on vertical objects
proor inference in horizontal orientation
some objects are not being detected (especially horizontal orientation)
some times single (when double) or double (when single) counting
model finds occulsions challenging
cannot detect defects
nakkatusok yung screws
gumugulong yung mga screws
detects rivets instead of black
need to spread the screws to be detected
forgot to log time",20,13.0,28.0,26.0,24.0,0.0,0.0,0.0,0.0
black,human-in-the-loop,17,1,41,92,101.92,1,114,0.8382,131.0,5.0,2720.0,"model performs well on vertical objects
proor inference in horizontal orientation
some objects are not being detected (especially horizontal orientation)
some times single (when double) or double (when single) counting
model finds occulsions challenging
cannot detect defects
nakkatusok yung screws
gumugulong yung mga screws
detects rivets instead of black
need to spread the screws to be detected
forgot to log time",19,13.0,31.0,31.0,19.0,0.0,0.0,0.0,0.0
black,human-in-the-loop,18,1,56,46,116.46,5,116,0.8529,131.0,5.0,2720.0,"model performs well on vertical objects
proor inference in horizontal orientation
some objects are not being detected (especially horizontal orientation)
some times single (when double) or double (when single) counting
model finds occulsions challenging
cannot detect defects
nakkatusok yung screws
gumugulong yung mga screws
detects rivets instead of black
need to spread the screws to be detected
forgot to log time",12,18.0,7.0,15.0,22.0,37.0,0.0,0.0,0.0
black,human-in-the-loop,19,1,49,74,109.74,0,114,0.8382,131.0,5.0,2720.0,"model performs well on vertical objects
proor inference in horizontal orientation
some objects are not being detected (especially horizontal orientation)
some times single (when double) or double (when single) counting
model finds occulsions challenging
cannot detect defects
nakkatusok yung screws
gumugulong yung mga screws
detects rivets instead of black
need to spread the screws to be detected
forgot to log time",12,23.0,24.0,25.0,30.0,0.0,0.0,0.0,0.0
black,human-in-the-loop,20,1,57,70,117.7,5,111,0.8162,131.0,5.0,2720.0,"model performs well on vertical objects
proor inference in horizontal orientation
some objects are not being detected (especially horizontal orientation)
some times single (when double) or double (when single) counting
model finds occulsions challenging
cannot detect defects
nakkatusok yung screws
gumugulong yung mga screws
detects rivets instead of black
need to spread the screws to be detected
forgot to log time",15,9.0,32.0,32.0,18.0,0.0,0.0,0.0,0.0
black,human,1,2,40,36,160.36,5,141,1.0368,131.0,5.0,2720.0,"nagiingat ako habang nag biilang
nakkatamad
nakkapagod
nag bukas ako ng lollipop
laging nallalaglag
inaantok
nakkangalay
nagkamali ako
lima lima ang bilang ko",136,,,,,,,,
black,human,2,2,42,40,162.4,5,141,1.0368,131.0,5.0,2720.0,"nagiingat ako habang nag biilang
nakkatamad
nakkapagod
nag bukas ako ng lollipop
laging nallalaglag
inaantok
nakkangalay
nagkamali ako
lima lima ang bilang ko",136,,,,,,,,
black,human,3,2,22,87,142.87,5,139,1.0221,131.0,5.0,2720.0,"nagiingat ako habang nag biilang
nakkatamad
nakkapagod
nag bukas ako ng lollipop
laging nallalaglag
inaantok
nakkangalay
nagkamali ako
lima lima ang bilang ko",134,,,,,,,,
black,human,4,1,38,14,98.14,5,139,1.0221,131.0,5.0,2720.0,"nagiingat ako habang nag biilang
nakkatamad
nakkapagod
nag bukas ako ng lollipop
laging nallalaglag
inaantok
nakkangalay
nagkamali ako
lima lima ang bilang ko",134,,,,,,,,
black,human,5,2,1,47,121.47,5,139,1.0221,131.0,5.0,2720.0,"nagiingat ako habang nag biilang
nakkatamad
nakkapagod
nag bukas ako ng lollipop
laging nallalaglag
inaantok
nakkangalay
nagkamali ako
lima lima ang bilang ko",134,,,,,,,,
black,human,6,1,3,40,63.4,5,143,1.0515,131.0,5.0,2720.0,"nagiingat ako habang nag biilang
nakkatamad
nakkapagod
nag bukas ako ng lollipop
laging nallalaglag
inaantok
nakkangalay
nagkamali ako
lima lima ang bilang ko",138,,,,,,,,
black,human,7,1,59,93,119.93,5,143,1.0515,131.0,5.0,2720.0,"nagiingat ako habang nag biilang
nakkatamad
nakkapagod
nag bukas ako ng lollipop
laging nallalaglag
inaantok
nakkangalay
nagkamali ako
lima lima ang bilang ko",138,,,,,,,,
black,human,8,2,3,93,123.93,5,139,1.0221,131.0,5.0,2720.0,"nagiingat ako habang nag biilang
nakkatamad
nakkapagod
nag bukas ako ng lollipop
laging nallalaglag
inaantok
nakkangalay
nagkamali ako
lima lima ang bilang ko",134,,,,,,,,
black,human,9,2,40,2,160.02,5,139,1.0221,131.0,5.0,2720.0,"nagiingat ako habang nag biilang
nakkatamad
nakkapagod
nag bukas ako ng lollipop
laging nallalaglag
inaantok
nakkangalay
nagkamali ako
lima lima ang bilang ko",134,,,,,,,,
black,human,10,1,32,71,92.71,5,141,1.0368,131.0,5.0,2720.0,"nagiingat ako habang nag biilang
nakkatamad
nakkapagod
nag bukas ako ng lollipop
laging nallalaglag
inaantok
nakkangalay
nagkamali ako
lima lima ang bilang ko",136,,,,,,,,
black,human,11,1,4,81,64.81,5,141,1.0368,131.0,5.0,2720.0,"nagiingat ako habang nag biilang
nakkatamad
nakkapagod
nag bukas ako ng lollipop
laging nallalaglag
inaantok
nakkangalay
nagkamali ako
lima lima ang bilang ko",136,,,,,,,,
black,human,12,3,9,87,189.87,5,139,1.0221,131.0,5.0,2720.0,"nagiingat ako habang nag biilang
nakkatamad
nakkapagod
nag bukas ako ng lollipop
laging nallalaglag
inaantok
nakkangalay
nagkamali ako
lima lima ang bilang ko",134,,,,,,,,
black,human,13,2,6,68,126.68,5,139,1.0221,131.0,5.0,2720.0,"nagiingat ako habang nag biilang
nakkatamad
nakkapagod
nag bukas ako ng lollipop
laging nallalaglag
inaantok
nakkangalay
nagkamali ako
lima lima ang bilang ko",134,,,,,,,,
black,human,14,2,8,72,128.72,5,141,1.0368,131.0,5.0,2720.0,"nagiingat ako habang nag biilang
nakkatamad
nakkapagod
nag bukas ako ng lollipop
laging nallalaglag
inaantok
nakkangalay
nagkamali ako
lima lima ang bilang ko",136,,,,,,,,
black,human,15,4,6,86,246.86,5,141,1.0368,131.0,5.0,2720.0,"nagiingat ako habang nag biilang
nakkatamad
nakkapagod
nag bukas ako ng lollipop
laging nallalaglag
inaantok
nakkangalay
nagkamali ako
lima lima ang bilang ko",136,,,,,,,,
black,human,16,2,54,94,174.94,5,141,1.0368,131.0,5.0,2720.0,"nagiingat ako habang nag biilang
nakkatamad
nakkapagod
nag bukas ako ng lollipop
laging nallalaglag
inaantok
nakkangalay
nagkamali ako
lima lima ang bilang ko",136,,,,,,,,
black,human,17,2,47,68,167.68,5,139,1.0221,131.0,5.0,2720.0,"nagiingat ako habang nag biilang
nakkatamad
nakkapagod
nag bukas ako ng lollipop
laging nallalaglag
inaantok
nakkangalay
nagkamali ako
lima lima ang bilang ko",134,,,,,,,,
black,human,18,2,56,76,176.76,5,139,1.0221,131.0,5.0,2720.0,"nagiingat ako habang nag biilang
nakkatamad
nakkapagod
nag bukas ako ng lollipop
laging nallalaglag
inaantok
nakkangalay
nagkamali ako
lima lima ang bilang ko",134,,,,,,,,
black,human,19,2,54,71,174.71,5,139,1.0221,131.0,5.0,2720.0,"nagiingat ako habang nag biilang
nakkatamad
nakkapagod
nag bukas ako ng lollipop
laging nallalaglag
inaantok
nakkangalay
nagkamali ako
lima lima ang bilang ko",134,,,,,,,,
black,human,20,2,46,83,166.83,5,141,1.0368,131.0,5.0,2720.0,"nagiingat ako habang nag biilang
nakkatamad
nakkapagod
nag bukas ako ng lollipop
laging nallalaglag
inaantok
nakkangalay
nagkamali ako
lima lima ang bilang ko",136,,,,,,,,
rivet,human-in-the-loop,1,2,5,99,125.99,5,92,0.8762,95.0,10.0,2100.0,,19,16.0,16.0,17.0,19.0,0.0,,,
rivet,human-in-the-loop,2,1,41,85,101.85,5,84,0.8,95.0,10.0,2100.0,,16,13.0,15.0,22.0,13.0,0.0,,,
rivet,human-in-the-loop,3,1,28,41,88.41,3,88,0.8381,95.0,10.0,2100.0,,23,20.0,24.0,18.0,0.0,0.0,,,
rivet,human-in-the-loop,4,1,34,45,94.45,3,87,0.8286,95.0,10.0,2100.0,,16,19.0,21.0,22.0,6.0,0.0,,,
rivet,human-in-the-loop,5,1,34,97,94.97,5,81,0.7714,95.0,10.0,2100.0,,12,21.0,23.0,20.0,0.0,0.0,,,
rivet,human-in-the-loop,6,1,14,47,74.47,5,74,0.7048,95.0,10.0,2100.0,,14,16.0,20.0,19.0,0.0,0.0,,,
rivet,human-in-the-loop,7,1,47,42,107.42,6,87,0.8286,95.0,10.0,2100.0,,20,16.0,17.0,18.0,10.0,0.0,,,
rivet,human-in-the-loop,8,1,50,14,110.14,5,96,0.9143,95.0,10.0,2100.0,,14,22.0,24.0,19.0,12.0,0.0,,,
rivet,human-in-the-loop,9,1,30,94,90.94,3,84,0.8,95.0,10.0,2100.0,,20,14.0,25.0,22.0,0.0,0.0,,,
rivet,human-in-the-loop,10,1,27,87,87.87,1,89,0.8476,95.0,10.0,2100.0,,11,22.0,16.0,25.0,14.0,0.0,,,
rivet,human-in-the-loop,11,1,43,0,103.0,3,102,0.9714,95.0,10.0,2100.0,,19,35.0,26.0,19.0,0.0,0.0,,,
rivet,human-in-the-loop,12,1,41,44,101.44,5,86,0.819,95.0,10.0,2100.0,,19,16.0,9.0,14.0,13.0,10.0,,,
rivet,human-in-the-loop,13,1,51,74,111.74,9,86,0.819,95.0,10.0,2100.0,,21,18.0,12.0,10.0,16.0,0.0,,,
rivet,human-in-the-loop,14,1,48,95,108.95,2,80,0.7619,95.0,10.0,2100.0,,15,19.0,18.0,14.0,12.0,0.0,,,
rivet,human-in-the-loop,15,2,3,9,123.09,4,86,0.819,95.0,10.0,2100.0,,12,20.0,16.0,14.0,12.0,8.0,,,
rivet,human-in-the-loop,16,1,31,10,91.1,4,91,0.8667,95.0,10.0,2100.0,,10,17.0,13.0,15.0,13.0,19.0,,,
rivet,human-in-the-loop,17,1,46,74,106.74,3,86,0.819,95.0,10.0,2100.0,,14,15.0,19.0,14.0,14.0,7.0,,,
rivet,human-in-the-loop,18,1,38,19,98.19,2,86,0.819,95.0,10.0,2100.0,,15,18.0,15.0,15.0,21.0,0.0,,,
rivet,human-in-the-loop,19,1,58,99,118.99,10,85,0.8095,95.0,10.0,2100.0,,10,11.0,19.0,12.0,9.0,14.0,,,
rivet,human-in-the-loop,20,2,17,27,137.27,3,91,0.8667,95.0,10.0,2100.0,,15,12.0,14.0,13.0,16.0,18.0,,,
rivet,human,1,3,8,97,188.97,7,101,0.9619,95.0,10.0,2100.0,"nagkamali ng bilang nalito
nag tig lilima ako ng bilang
nag tig ssampu ng bilang
nakkatanga
nag tig bbente ng bilang para mas padali
nagpahinganangalay na""
nagpahingainom ng tubig""
minura ko ang kaharap ko
nabarino nag open ng messenger saglit
nakalimutan pindutin ang timer
nang hula ng oras
naguluhan gawa ni ate Jie
may tinignan sa cellphone ni ate Jie
nakalimutan pindutin ang timer",94,,,,,,,,
rivet,human,2,2,36,97,156.97,10,105,1.0,95.0,10.0,2100.0,"nagkamali ng bilang nalito
nag tig lilima ako ng bilang
nag tig ssampu ng bilang
nakkatanga
nag tig bbente ng bilang para mas padali
nagpahinganangalay na""
nagpahingainom ng tubig""
minura ko ang kaharap ko
nabarino nag open ng messenger saglit
nakalimutan pindutin ang timer
nang hula ng oras
naguluhan gawa ni ate Jie
may tinignan sa cellphone ni ate Jie
nakalimutan pindutin ang timer",95,,,,,,,,
rivet,human,3,2,52,81,172.81,10,105,1.0,95.0,10.0,2100.0,"nagkamali ng bilang nalito
nag tig lilima ako ng bilang
nag tig ssampu ng bilang
nakkatanga
nag tig bbente ng bilang para mas padali
nagpahinganangalay na""
nagpahingainom ng tubig""
minura ko ang kaharap ko
nabarino nag open ng messenger saglit
nakalimutan pindutin ang timer
nang hula ng oras
naguluhan gawa ni ate Jie
may tinignan sa cellphone ni ate Jie
nakalimutan pindutin ang timer",95,,,,,,,,
rivet,human,4,2,55,71,175.71,10,105,1.0,95.0,10.0,2100.0,"nagkamali ng bilang nalito
nag tig lilima ako ng bilang
nag tig ssampu ng bilang
nakkatanga
nag tig bbente ng bilang para mas padali
nagpahinganangalay na""
nagpahingainom ng tubig""
minura ko ang kaharap ko
nabarino nag open ng messenger saglit
nakalimutan pindutin ang timer
nang hula ng oras
naguluhan gawa ni ate Jie
may tinignan sa cellphone ni ate Jie
nakalimutan pindutin ang timer",95,,,,,,,,
rivet,human,5,2,17,69,137.69,10,105,1.0,95.0,10.0,2100.0,"nagkamali ng bilang nalito
nag tig lilima ako ng bilang
nag tig ssampu ng bilang
nakkatanga
nag tig bbente ng bilang para mas padali
nagpahinganangalay na""
nagpahingainom ng tubig""
minura ko ang kaharap ko
nabarino nag open ng messenger saglit
nakalimutan pindutin ang timer
nang hula ng oras
naguluhan gawa ni ate Jie
may tinignan sa cellphone ni ate Jie
nakalimutan pindutin ang timer",95,,,,,,,,
rivet,human,6,3,5,42,185.42,10,105,1.0,95.0,10.0,2100.0,"nagkamali ng bilang nalito
nag tig lilima ako ng bilang
nag tig ssampu ng bilang
nakkatanga
nag tig bbente ng bilang para mas padali
nagpahinganangalay na""
nagpahingainom ng tubig""
minura ko ang kaharap ko
nabarino nag open ng messenger saglit
nakalimutan pindutin ang timer
nang hula ng oras
naguluhan gawa ni ate Jie
may tinignan sa cellphone ni ate Jie
nakalimutan pindutin ang timer",95,,,,,,,,
rivet,human,7,2,18,45,138.45,10,105,1.0,95.0,10.0,2100.0,"nagkamali ng bilang nalito
nag tig lilima ako ng bilang
nag tig ssampu ng bilang
nakkatanga
nag tig bbente ng bilang para mas padali
nagpahinganangalay na""
nagpahingainom ng tubig""
minura ko ang kaharap ko
nabarino nag open ng messenger saglit
nakalimutan pindutin ang timer
nang hula ng oras
naguluhan gawa ni ate Jie
may tinignan sa cellphone ni ate Jie
nakalimutan pindutin ang timer",95,,,,,,,,
rivet,human,8,4,27,0,267.0,9,105,1.0,95.0,10.0,2100.0,"nagkamali ng bilang nalito
nag tig lilima ako ng bilang
nag tig ssampu ng bilang
nakkatanga
nag tig bbente ng bilang para mas padali
nagpahinganangalay na""
nagpahingainom ng tubig""
minura ko ang kaharap ko
nabarino nag open ng messenger saglit
nakalimutan pindutin ang timer
nang hula ng oras
naguluhan gawa ni ate Jie
may tinignan sa cellphone ni ate Jie
nakalimutan pindutin ang timer",96,,,,,,,,
rivet,human,9,2,39,53,159.53,10,105,1.0,95.0,10.0,2100.0,"nagkamali ng bilang nalito
nag tig lilima ako ng bilang
nag tig ssampu ng bilang
nakkatanga
nag tig bbente ng bilang para mas padali
nagpahinganangalay na""
nagpahingainom ng tubig""
minura ko ang kaharap ko
nabarino nag open ng messenger saglit
nakalimutan pindutin ang timer
nang hula ng oras
naguluhan gawa ni ate Jie
may tinignan sa cellphone ni ate Jie
nakalimutan pindutin ang timer",95,,,,,,,,
rivet,human,10,2,56,8,176.08,10,105,1.0,95.0,10.0,2100.0,"nagkamali ng bilang nalito
nag tig lilima ako ng bilang
nag tig ssampu ng bilang
nakkatanga
nag tig bbente ng bilang para mas padali
nagpahinganangalay na""
nagpahingainom ng tubig""
minura ko ang kaharap ko
nabarino nag open ng messenger saglit
nakalimutan pindutin ang timer
nang hula ng oras
naguluhan gawa ni ate Jie
may tinignan sa cellphone ni ate Jie
nakalimutan pindutin ang timer",95,,,,,,,,
rivet,human,11,2,58,43,178.43,10,105,1.0,95.0,10.0,2100.0,"nagkamali ng bilang nalito
nag tig lilima ako ng bilang
nag tig ssampu ng bilang
nakkatanga
nag tig bbente ng bilang para mas padali
nagpahinganangalay na""
nagpahingainom ng tubig""
minura ko ang kaharap ko
nabarino nag open ng messenger saglit
nakalimutan pindutin ang timer
nang hula ng oras
naguluhan gawa ni ate Jie
may tinignan sa cellphone ni ate Jie
nakalimutan pindutin ang timer",95,,,,,,,,
rivet,human,12,3,17,84,197.84,10,105,1.0,95.0,10.0,2100.0,"nagkamali ng bilang nalito
nag tig lilima ako ng bilang
nag tig ssampu ng bilang
nakkatanga
nag tig bbente ng bilang para mas padali
nagpahinganangalay na""
nagpahingainom ng tubig""
minura ko ang kaharap ko
nabarino nag open ng messenger saglit
nakalimutan pindutin ang timer
nang hula ng oras
naguluhan gawa ni ate Jie
may tinignan sa cellphone ni ate Jie
nakalimutan pindutin ang timer",95,,,,,,,,
rivet,human,13,2,57,45,177.45,10,105,1.0,95.0,10.0,2100.0,"nagkamali ng bilang nalito
nag tig lilima ako ng bilang
nag tig ssampu ng bilang
nakkatanga
nag tig bbente ng bilang para mas padali
nagpahinganangalay na""
nagpahingainom ng tubig""
minura ko ang kaharap ko
nabarino nag open ng messenger saglit
nakalimutan pindutin ang timer
nang hula ng oras
naguluhan gawa ni ate Jie
may tinignan sa cellphone ni ate Jie
nakalimutan pindutin ang timer",95,,,,,,,,
rivet,human,14,3,50,12,230.12,10,105,1.0,95.0,10.0,2100.0,"nagkamali ng bilang nalito
nag tig lilima ako ng bilang
nag tig ssampu ng bilang
nakkatanga
nag tig bbente ng bilang para mas padali
nagpahinganangalay na""
nagpahingainom ng tubig""
minura ko ang kaharap ko
nabarino nag open ng messenger saglit
nakalimutan pindutin ang timer
nang hula ng oras
naguluhan gawa ni ate Jie
may tinignan sa cellphone ni ate Jie
nakalimutan pindutin ang timer",95,,,,,,,,
rivet,human,15,2,39,79,159.79,10,105,1.0,95.0,10.0,2100.0,"nagkamali ng bilang nalito
nag tig lilima ako ng bilang
nag tig ssampu ng bilang
nakkatanga
nag tig bbente ng bilang para mas padali
nagpahinganangalay na""
nagpahingainom ng tubig""
minura ko ang kaharap ko
nabarino nag open ng messenger saglit
nakalimutan pindutin ang timer
nang hula ng oras
naguluhan gawa ni ate Jie
may tinignan sa cellphone ni ate Jie
nakalimutan pindutin ang timer",95,,,,,,,,
rivet,human,16,2,39,43,159.43,10,105,1.0,95.0,10.0,2100.0,"nagkamali ng bilang nalito
nag tig lilima ako ng bilang
nag tig ssampu ng bilang
nakkatanga
nag tig bbente ng bilang para mas padali
nagpahinganangalay na""
nagpahingainom ng tubig""
minura ko ang kaharap ko
nabarino nag open ng messenger saglit
nakalimutan pindutin ang timer
nang hula ng oras
naguluhan gawa ni ate Jie
may tinignan sa cellphone ni ate Jie
nakalimutan pindutin ang timer",95,,,,,,,,
rivet,human,17,3,1,15,181.15,10,105,1.0,95.0,10.0,2100.0,"nagkamali ng bilang nalito
nag tig lilima ako ng bilang
nag tig ssampu ng bilang
nakkatanga
nag tig bbente ng bilang para mas padali
nagpahinganangalay na""
nagpahingainom ng tubig""
minura ko ang kaharap ko
nabarino nag open ng messenger saglit
nakalimutan pindutin ang timer
nang hula ng oras
naguluhan gawa ni ate Jie
may tinignan sa cellphone ni ate Jie
nakalimutan pindutin ang timer",95,,,,,,,,
rivet,human,18,2,27,37,147.37,10,105,1.0,95.0,10.0,2100.0,"nagkamali ng bilang nalito
nag tig lilima ako ng bilang
nag tig ssampu ng bilang
nakkatanga
nag tig bbente ng bilang para mas padali
nagpahinganangalay na""
nagpahingainom ng tubig""
minura ko ang kaharap ko
nabarino nag open ng messenger saglit
nakalimutan pindutin ang timer
nang hula ng oras
naguluhan gawa ni ate Jie
may tinignan sa cellphone ni ate Jie
nakalimutan pindutin ang timer",95,,,,,,,,
rivet,human,19,1,38,5,98.05,10,105,1.0,95.0,10.0,2100.0,"nagkamali ng bilang nalito
nag tig lilima ako ng bilang
nag tig ssampu ng bilang
nakkatanga
nag tig bbente ng bilang para mas padali
nagpahinganangalay na""
nagpahingainom ng tubig""
minura ko ang kaharap ko
nabarino nag open ng messenger saglit
nakalimutan pindutin ang timer
nang hula ng oras
naguluhan gawa ni ate Jie
may tinignan sa cellphone ni ate Jie
nakalimutan pindutin ang timer",95,,,,,,,,
rivet,human,20,2,6,61,126.61,10,105,1.0,95.0,10.0,2100.0,"nagkamali ng bilang nalito
nag tig lilima ako ng bilang
nag tig ssampu ng bilang
nakkatanga
nag tig bbente ng bilang para mas padali
nagpahinganangalay na""
nagpahingainom ng tubig""
minura ko ang kaharap ko
nabarino nag open ng messenger saglit
nakalimutan pindutin ang timer
nang hula ng oras
naguluhan gawa ni ate Jie
may tinignan sa cellphone ni ate Jie
nakalimutan pindutin ang timer",95,,,,,,,,
